<?xml version="1.0"?>
<doc>
    <assembly>
        <name>MSDATASRCApi</name>
    </assembly>
    <members>
        <member name="T:MSDATASRCApi.Utils.ProjectInfo">
            <summary>
            Necessary factory info, used from NetOffice.Core while Initialize()
            </summary>
        </member>
        <member name="T:NetOffice.MSDATASRCApi.DataSourceListener">
            <summary>
            Interface DataSourceListener 
            SupportByVersion MSDATASRC, 4
            </summary>
        </member>
        <member name="P:NetOffice.MSDATASRCApi.DataSourceListener.InstanceType">
            <summary>
            Instance Type
            </summary>
        </member>
        <member name="M:NetOffice.MSDATASRCApi.DataSourceListener.#ctor(NetOffice.Core,NetOffice.ICOMObject,NetOffice.COMProxyShare)">
            <param name="factory">current used factory core</param>
            <param name="parentObject">object there has created the proxy</param>
            <param name="proxyShare">proxy share instead if com proxy</param>
        </member>
        <member name="M:NetOffice.MSDATASRCApi.DataSourceListener.#ctor(NetOffice.Core,NetOffice.ICOMObject,System.Object)">
            <param name="factory">current used factory core</param>
            <param name="parentObject">object there has created the proxy</param>
            <param name="comProxy">inner wrapped COM proxy</param>
        </member>
        <member name="M:NetOffice.MSDATASRCApi.DataSourceListener.#ctor(NetOffice.ICOMObject,System.Object)">
            <param name="parentObject">object there has created the proxy</param>
            <param name="comProxy">inner wrapped COM proxy</param>
        </member>
        <member name="M:NetOffice.MSDATASRCApi.DataSourceListener.#ctor(NetOffice.Core,NetOffice.ICOMObject,System.Object,System.Type)">
            <param name="factory">current used factory core</param>
            <param name="parentObject">object there has created the proxy</param>
            <param name="comProxy">inner wrapped COM proxy</param>
            <param name="comProxyType">Type of inner wrapped COM proxy"</param>
        </member>
        <member name="M:NetOffice.MSDATASRCApi.DataSourceListener.#ctor(NetOffice.ICOMObject,System.Object,System.Type)">
            <param name="parentObject">object there has created the proxy</param>
            <param name="comProxy">inner wrapped COM proxy</param>
            <param name="comProxyType">Type of inner wrapped COM proxy"</param>
        </member>
        <member name="M:NetOffice.MSDATASRCApi.DataSourceListener.#ctor(NetOffice.ICOMObject)">
            <param name="replacedObject">object to replaced. replacedObject are not usable after this action</param>
        </member>
        <member name="M:NetOffice.MSDATASRCApi.DataSourceListener.#ctor(System.String)">
            <param name="progId">registered progID</param>
        </member>
        <member name="M:NetOffice.MSDATASRCApi.DataSourceListener.dataMemberChanged(System.String)">
            <summary>
            SupportByVersion MSDATASRC 4
            </summary>
            <param name="bstrDM">string bstrDM</param>
        </member>
        <member name="M:NetOffice.MSDATASRCApi.DataSourceListener.dataMemberAdded(System.String)">
            <summary>
            SupportByVersion MSDATASRC 4
            </summary>
            <param name="bstrDM">string bstrDM</param>
        </member>
        <member name="M:NetOffice.MSDATASRCApi.DataSourceListener.dataMemberRemoved(System.String)">
            <summary>
            SupportByVersion MSDATASRC 4
            </summary>
            <param name="bstrDM">string bstrDM</param>
        </member>
        <member name="T:NetOffice.MSDATASRCApi.DataSource">
            <summary>
            Interface DataSource 
            SupportByVersion MSDATASRC, 4
            </summary>
        </member>
        <member name="P:NetOffice.MSDATASRCApi.DataSource.InstanceType">
            <summary>
            Instance Type
            </summary>
        </member>
        <member name="M:NetOffice.MSDATASRCApi.DataSource.#ctor(NetOffice.Core,NetOffice.ICOMObject,NetOffice.COMProxyShare)">
            <param name="factory">current used factory core</param>
            <param name="parentObject">object there has created the proxy</param>
            <param name="proxyShare">proxy share instead if com proxy</param>
        </member>
        <member name="M:NetOffice.MSDATASRCApi.DataSource.#ctor(NetOffice.Core,NetOffice.ICOMObject,System.Object)">
            <param name="factory">current used factory core</param>
            <param name="parentObject">object there has created the proxy</param>
            <param name="comProxy">inner wrapped COM proxy</param>
        </member>
        <member name="M:NetOffice.MSDATASRCApi.DataSource.#ctor(NetOffice.ICOMObject,System.Object)">
            <param name="parentObject">object there has created the proxy</param>
            <param name="comProxy">inner wrapped COM proxy</param>
        </member>
        <member name="M:NetOffice.MSDATASRCApi.DataSource.#ctor(NetOffice.Core,NetOffice.ICOMObject,System.Object,System.Type)">
            <param name="factory">current used factory core</param>
            <param name="parentObject">object there has created the proxy</param>
            <param name="comProxy">inner wrapped COM proxy</param>
            <param name="comProxyType">Type of inner wrapped COM proxy"</param>
        </member>
        <member name="M:NetOffice.MSDATASRCApi.DataSource.#ctor(NetOffice.ICOMObject,System.Object,System.Type)">
            <param name="parentObject">object there has created the proxy</param>
            <param name="comProxy">inner wrapped COM proxy</param>
            <param name="comProxyType">Type of inner wrapped COM proxy"</param>
        </member>
        <member name="M:NetOffice.MSDATASRCApi.DataSource.#ctor(NetOffice.ICOMObject)">
            <param name="replacedObject">object to replaced. replacedObject are not usable after this action</param>
        </member>
        <member name="M:NetOffice.MSDATASRCApi.DataSource.#ctor(System.String)">
            <param name="progId">registered progID</param>
        </member>
        <member name="M:NetOffice.MSDATASRCApi.DataSource.getDataMember(System.String,System.Guid)">
            <summary>
            SupportByVersion MSDATASRC 4
            </summary>
            <param name="bstrDM">string bstrDM</param>
            <param name="riid">Guid riid</param>
        </member>
        <member name="M:NetOffice.MSDATASRCApi.DataSource.getDataMemberName(System.Int32)">
            <summary>
            SupportByVersion MSDATASRC 4
            </summary>
            <param name="lIndex">Int32 lIndex</param>
        </member>
        <member name="M:NetOffice.MSDATASRCApi.DataSource.getDataMemberCount">
            <summary>
            SupportByVersion MSDATASRC 4
            </summary>
        </member>
        <member name="M:NetOffice.MSDATASRCApi.DataSource.addDataSourceListener(NetOffice.MSDATASRCApi.DataSourceListener)">
            <summary>
            SupportByVersion MSDATASRC 4
            </summary>
            <param name="pDSL">NetOffice.MSDATASRCApi.DataSourceListener pDSL</param>
        </member>
        <member name="M:NetOffice.MSDATASRCApi.DataSource.removeDataSourceListener(NetOffice.MSDATASRCApi.DataSourceListener)">
            <summary>
            SupportByVersion MSDATASRC 4
            </summary>
            <param name="pDSL">NetOffice.MSDATASRCApi.DataSourceListener pDSL</param>
        </member>
    </members>
</doc>
