﻿<?xml version="1.0" encoding="utf-8" ?>
<customUI xmlns="http://schemas.microsoft.com/office/2006/01/customui" >
  <ribbon>
    <tabs>
      <tab id="SuperAddinCS4" label="SuperAddin Example CS4">
        <group id="group1" label="Example">
          <button id="customButton1" label="Host Name" imageMso="HappyFace" size="large" onAction="OnRibbonButtonClick" />
          <button id="customButton2" label="Loading Time" imageMso="HappyFace" size="large" onAction="OnRibbonButtonClick" />
        </group>
      </tab>
    </tabs>
  </ribbon>
</customUI>